TEST_SET,DATASET,REGRESSOR,VALIDATION_MSE,TEST_MSE,PREDICTED_F1,GLOBAL_BEST_F1,PERFORMANCE,OPTIMIZATION_TIME,BEST_REGRESSOR_FIT_TIME,BEST_REGRESSOR_PREDICTION_TIME,WITH_DATA_FEATURES,LM,K,CLUSTERING,THRESHOLD
D1,all,0.88*random_forest + 0.08*gradient_boosting + 0.04*gradient_boosting,,538.598,54.8287,78.4314,0.6991,43440.672,,13.4146,1,st5,11,UniqueMappingClustering,0.75
D10,all,0.88*random_forest + 0.06*gradient_boosting + 0.04*gradient_boosting + 0.02*k_nearest_neighbors,,2288.8816,17.2346,56.117,0.3071,43430.0451,,503.7444,1,st5,84,KiralyMSMApproximateClustering,0.8071
D2,all,0.841*random_forest + 0.082*gradient_boosting + 0.065*gradient_boosting + 0.024*k_nearest_neighbors,,1568.3941,81.5544,85.8486,0.95,43453.541,,476.2028,1,st5,1,UniqueMappingClustering,0.753
D3,all,0.88*random_forest + 0.08*gradient_boosting + 0.04*gradient_boosting,,23.5243,56.9019,59.1887,0.9614,43452.0678,,37.872,1,sminilm,3,UniqueMappingClustering,0.6
D4,all,0.96*random_forest + 0.04*gradient_boosting,,3249.5067,98.451,98.6011,0.9985,43447.5507,,28.3302,1,st5,1,ConnectedComponentsClustering,0.8742
D5,all,0.82*random_forest + 0.14*extra_trees + 0.04*gradient_boosting,,365.8662,26.7417,78.9235,0.3388,43493.2859,,52.7047,1,sminilm,6,ConnectedComponentsClustering,0.85
D6,all,0.88*random_forest + 0.08*gradient_boosting + 0.04*gradient_boosting,,340.7414,32.7573,60.4225,0.5421,43445.624,,58.3347,1,st5,95,ConnectedComponentsClustering,0.8556
D7,all,0.9*random_forest + 0.06*gradient_boosting + 0.04*gradient_boosting,,397.513,62.1735,67.76,0.9176,43438.5699,,67.9033,1,st5,1,UniqueMappingClustering,0.75
D8,all,0.9*random_forest + 0.06*gradient_boosting + 0.04*gradient_boosting,,269.5959,40.2703,49.5337,0.813,43431.4983,,58.4841,1,st5,5,KiralyMSMApproximateClustering,0.7
D9,all,0.94*random_forest + 0.06*gradient_boosting,,2076.766,94.3887,94.9241,0.9944,43430.4042,,40.3751,1,st5,92,KiralyMSMApproximateClustering,0.7
D1,all,0.54*gradient_boosting + 0.36*random_forest + 0.1*gradient_boosting,,319.4926,57.1429,78.4314,0.7286,43218.6062,,61.9368,0,st5,1,KiralyMSMApproximateClustering,0.779
D10,all,0.6*gradient_boosting + 0.36*random_forest + 0.04*gradient_boosting,,794.0894,55.3979,56.117,0.9872,43200.3256,,50.2222,0,st5,1,KiralyMSMApproximateClustering,0.1932
D2,all,0.58*gradient_boosting + 0.32*random_forest + 0.1*gradient_boosting,,304.1842,78.4878,85.8486,0.9143,43197.9433,,36.7287,0,st5,8,KiralyMSMApproximateClustering,0.1311
D3,all,0.62*gradient_boosting + 0.36*random_forest + 0.02*gradient_boosting,,211.4789,57.4176,59.1887,0.9701,43197.2472,,55.5973,0,st5,100,KiralyMSMApproximateClustering,0.3017
D4,all,0.66*gradient_boosting + 0.32*random_forest + 0.02*gradient_boosting,,2148.723,98.1761,98.6011,0.9957,43201.8067,,69.0912,0,st5,21,KiralyMSMApproximateClustering,0.3019
D5,all,0.58*gradient_boosting + 0.32*random_forest + 0.1*gradient_boosting,,239.3281,68.9032,78.9235,0.873,43196.6731,,74.6702,0,sminilm,37,KiralyMSMApproximateClustering,0.0622
D6,all,0.34*random_forest + 0.32*gradient_boosting + 0.28*gradient_boosting + 0.06*gradient_boosting,,394.0728,41.0,60.4225,0.6786,43228.2408,,60.8154,0,st5,7,KiralyMSMApproximateClustering,0.6073
D7,all,0.58*gradient_boosting + 0.36*random_forest + 0.06*gradient_boosting,,266.1762,65.4746,67.76,0.9663,43204.3003,,67.9615,0,sminilm,1,UniqueMappingClustering,0.6694
D8,all,0.6*gradient_boosting + 0.38*random_forest + 0.02*gradient_boosting,,579.8295,42.342,49.5337,0.8548,43200.0982,,66.3313,0,st5,37,KiralyMSMApproximateClustering,0.8145
D9,all,0.8*gradient_boosting + 0.2*gradient_boosting,,940.4119,91.6553,94.9241,0.9656,43195.2538,,63.7164,0,st5,27,KiralyMSMApproximateClustering,0.8788
D1,optuna,0.38*extra_trees + 0.36*random_forest + 0.14*gradient_boosting + 0.1*k_nearest_neighbors + 0.02*gradient_boosting,,424.827,55.3459,78.4314,0.7057,43238.956,,239.6281,1,st5,1,UniqueMappingClustering,0.2659
D10,optuna,0.78*extra_trees + 0.12*gradient_boosting + 0.1*extra_trees,,292.832,36.3098,56.117,0.647,43227.266,,67.7714,1,smpnet,1,KiralyMSMApproximateClustering,0.05
D2,optuna,0.82*extra_trees + 0.12*gradient_boosting + 0.04*random_forest + 0.02*k_nearest_neighbors,,415.2661,81.9401,85.8486,0.9545,43221.143,,178.6551,1,st5,1,KiralyMSMApproximateClustering,0.1722
D3,optuna,0.54*extra_trees + 0.16*extra_trees + 0.14*random_forest + 0.12*gradient_boosting + 0.04*k_nearest_neighbors,,223.0337,57.7941,59.1887,0.9764,43237.3137,,218.3301,1,st5,32,UniqueMappingClustering,0.05
D4,optuna,0.5*extra_trees + 0.38*random_forest + 0.08*gradient_boosting + 0.04*k_nearest_neighbors,,2280.8802,98.3769,98.6011,0.9977,43224.6895,,215.1101,1,st5,1,KiralyMSMApproximateClustering,0.05
D5,optuna,0.78*extra_trees + 0.1*gradient_boosting + 0.06*random_forest + 0.06*k_nearest_neighbors,,311.993,71.9689,78.9235,0.9119,43225.5253,,249.2466,1,smpnet,1,KiralyMSMApproximateClustering,0.6659
D6,optuna,0.4*extra_trees + 0.18*random_forest + 0.18*gradient_boosting + 0.12*gradient_boosting + 0.12*k_nearest_neighbors,,309.2738,55.9806,60.4225,0.9265,43225.9136,,252.5683,1,sminilm,1,KiralyMSMApproximateClustering,0.6307
D7,optuna,0.5*extra_trees + 0.24*random_forest + 0.2*gradient_boosting + 0.04*k_nearest_neighbors + 0.02*gradient_boosting,,341.6059,50.141,67.76,0.74,43221.8297,,227.4257,1,smpnet,1,UniqueMappingClustering,0.228
D8,optuna,0.52*extra_trees + 0.2*random_forest + 0.12*k_nearest_neighbors + 0.1*gradient_boosting + 0.06*gradient_boosting,,792.5619,40.7674,49.5337,0.823,43222.2741,,229.6457,1,st5,91,KiralyMSMApproximateClustering,0.0501
D9,optuna,0.52*extra_trees + 0.28*random_forest + 0.14*gradient_boosting + 0.06*k_nearest_neighbors,,2037.7087,94.3686,94.9241,0.9941,43221.845,,222.3003,1,st5,100,KiralyMSMApproximateClustering,0.4767
D1,optuna,0.74*extra_trees + 0.18*random_forest + 0.04*k_nearest_neighbors + 0.02*gradient_boosting + 0.02*adaboost,,444.348,57.1429,78.4314,0.7286,43201.3939,,55.9394,0,st5,1,KiralyMSMApproximateClustering,0.779
D10,optuna,0.94*extra_trees + 0.02*random_forest + 0.02*gradient_boosting + 0.02*ard_regression,,802.9557,55.3979,56.117,0.9872,43236.6576,,28.4424,0,st5,1,UniqueMappingClustering,0.0853
D2,optuna,0.92*extra_trees + 0.02*extra_trees + 0.02*gradient_boosting + 0.02*k_nearest_neighbors + 0.02*adaboost,,337.4461,78.6325,85.8486,0.9159,43205.8106,,60.6276,0,st5,12,KiralyMSMApproximateClustering,0.1117
D3,optuna,0.82*extra_trees + 0.08*extra_trees + 0.06*gradient_boosting + 0.02*extra_trees + 0.02*k_nearest_neighbors,,238.7432,57.4176,59.1887,0.9701,43209.6093,,73.2937,0,st5,100,KiralyMSMApproximateClustering,0.3209
D4,optuna,0.74*extra_trees + 0.22*random_forest + 0.02*gradient_boosting + 0.02*ard_regression,,1938.3059,98.1761,98.6011,0.9957,43238.1494,,40.3322,0,st5,21,KiralyMSMApproximateClustering,0.3019
D5,optuna,0.74*extra_trees + 0.1*k_nearest_neighbors + 0.06*random_forest + 0.04*random_forest + 0.04*gradient_boosting + 0.02*k_nearest_neighbors,,278.9575,62.8471,78.9235,0.7963,43212.5706,,95.4209,0,sdistilroberta,32,KiralyMSMApproximateClustering,0.05
D6,optuna,0.86*extra_trees + 0.04*extra_trees + 0.04*gradient_boosting + 0.04*k_nearest_neighbors + 0.02*ard_regression,,427.5353,51.1573,60.4225,0.8467,43211.8789,,56.0087,0,sminilm,1,UniqueMappingClustering,0.2
D7,optuna,0.88*extra_trees + 0.04*random_forest + 0.02*gradient_boosting + 0.02*k_nearest_neighbors + 0.02*gradient_boosting + 0.02*k_nearest_neighbors,,269.0321,65.3846,67.76,0.9649,43213.823,,197.5819,0,st5,1,KiralyMSMApproximateClustering,0.8292
D8,optuna,0.9*extra_trees + 0.02*gradient_boosting + 0.02*adaboost + 0.02*k_nearest_neighbors + 0.02*random_forest + 0.02*random_forest,,791.6615,47.0485,49.5337,0.9498,43213.0313,,62.4086,0,st5,1,UniqueMappingClustering,0.896
D9,optuna,0.86*extra_trees + 0.1*random_forest + 0.04*gradient_boosting,,1011.2043,94.3887,94.9241,0.9944,43240.4427,,25.2851,0,st5,21,KiralyMSMApproximateClustering,0.3019
D1,gridsearch,0.62*gradient_boosting + 0.38*random_forest,,345.2841,19.2982,78.4314,0.2461,43279.9262,,47.1224,1,sdistilroberta,1,ConnectedComponentsClustering,0.55
D10,gridsearch,0.76*gradient_boosting + 0.24*random_forest,,647.5369,29.8483,56.117,0.5319,43338.3617,,10.9145,1,sminilm,47,KiralyMSMApproximateClustering,0.55
D2,gridsearch,0.76*gradient_boosting + 0.18*random_forest + 0.06*extra_trees,,1254.1471,68.8019,85.8486,0.8014,43427.6676,,18.5218,1,sminilm,1,ConnectedComponentsClustering,0.65
D3,gridsearch,0.78*gradient_boosting + 0.22*random_forest,,183.4991,40.7589,59.1887,0.6886,43290.3557,,61.8833,1,st5,1,ConnectedComponentsClustering,0.45
D4,gridsearch,0.76*gradient_boosting + 0.24*random_forest,,2829.653,97.6881,98.6011,0.9907,43312.0484,,62.6318,1,sminilm,1,UniqueMappingClustering,0.4
D5,gridsearch,0.82*gradient_boosting + 0.14*random_forest + 0.04*extra_trees,,803.1593,71.2832,78.9235,0.9032,43466.5675,,25.148,1,st5,1,ConnectedComponentsClustering,0.7
D6,gridsearch,0.74*gradient_boosting + 0.26*random_forest,,326.6301,45.5549,60.4225,0.7539,43306.8554,,64.944,1,sminilm,1,UniqueMappingClustering,0.7
D7,gridsearch,0.76*gradient_boosting + 0.24*random_forest,,409.1263,57.5722,67.76,0.8496,43313.777,,53.3935,1,sminilm,1,UniqueMappingClustering,0.55
D8,gridsearch,0.72*gradient_boosting + 0.28*random_forest,,1329.3703,34.6102,49.5337,0.6987,43359.9604,,22.0695,1,smpnet,1,UniqueMappingClustering,0.65
D9,gridsearch,0.74*gradient_boosting + 0.26*random_forest,,1417.0373,94.3686,94.9241,0.9941,43329.1528,,17.3715,1,st5,99,KiralyMSMApproximateClustering,0.55
D1,gridsearch,0.52*random_forest + 0.22*decision_tree + 0.16*adaboost + 0.1*ard_regression,,256.7627,55.873,78.4314,0.7124,43228.7849,,7.0127,0,st5,73,KiralyMSMApproximateClustering,0.75
D10,gridsearch,0.68*random_forest + 0.22*adaboost + 0.08*liblinear_svr + 0.02*ard_regression,,805.8773,41.7267,56.117,0.7436,43219.298,,5.5964,0,st5,76,KiralyMSMApproximateClustering,0.75
D2,gridsearch,0.8*random_forest + 0.1*adaboost + 0.1*ard_regression,,290.4618,78.1955,85.8486,0.9109,43225.16,,7.0918,0,st5,77,KiralyMSMApproximateClustering,0.75
D3,gridsearch,0.6*random_forest + 0.28*adaboost + 0.12*ard_regression,,216.7241,56.1757,59.1887,0.9491,43224.2766,,7.498,0,st5,1,KiralyMSMApproximateClustering,0.75
D4,gridsearch,0.58*random_forest + 0.3*adaboost + 0.12*ard_regression,,2253.3801,98.1761,98.6011,0.9957,43197.8977,,8.6415,0,st5,78,KiralyMSMApproximateClustering,0.7
D5,gridsearch,0.72*random_forest + 0.14*adaboost + 0.12*ard_regression + 0.02*adaboost,,243.0956,72.8713,78.9235,0.9233,43198.1702,,16.8349,0,st5,81,KiralyMSMApproximateClustering,0.7
D6,gridsearch,0.78*gradient_boosting + 0.16*random_forest + 0.02*ard_regression + 0.02*gradient_boosting + 0.02*gradient_boosting,,388.1291,49.5256,60.4225,0.8197,43197.319,,24.5741,0,st5,3,KiralyMSMApproximateClustering,0.75
D7,gridsearch,0.56*gradient_boosting + 0.26*adaboost + 0.1*ard_regression + 0.06*random_forest + 0.02*liblinear_svr,,274.9201,52.7853,67.76,0.779,43219.6041,,18.9368,0,st5,1,KiralyMSMApproximateClustering,0.7
D8,gridsearch,0.72*gradient_boosting + 0.16*random_forest + 0.12*gradient_boosting,,518.3562,38.8343,49.5337,0.784,43216.4479,,20.8246,0,st5,1,KiralyMSMApproximateClustering,0.75
D9,gridsearch,0.721*random_forest + 0.163*adaboost + 0.12*ard_regression + 0.024*mlp,,939.4617,94.2827,94.9241,0.9932,43196.9623,,5.2864,0,st5,1,KiralyMSMApproximateClustering,0.75
D1,gridsearch,RandomForestRegressor,119.20622708908228,204.57627362699,55.3459,78.4314,0.7057,982.8180568218232,6.311413764953613,0.1034042835235595,1,st5,1,KiralyMSMApproximateClustering,0.3
D2,gridsearch,RandomForestRegressor,107.60501078665226,814.5281961029075,78.4566,85.8486,0.9139,1101.612067937851,47.20548582077026,0.85398268699646,1,st5,100,KiralyMSMApproximateClustering,0.1
D3,gridsearch,RandomForestRegressor,115.12228166169992,466.6512696196969,57.1667,59.1887,0.9658,1234.4952762126925,25.593095302581787,0.4295575618743896,1,st5,3,UniqueMappingClustering,0.05
D4,gridsearch,RandomForestRegressor,106.51814996970064,2552.463408762048,98.1319,98.6011,0.9952,1437.9993250370026,8.044514656066895,0.120732307434082,1,st5,35,KiralyMSMApproximateClustering,0.3
D5,gridsearch,RandomForestRegressor,108.4709465499824,388.65361903563,74.1636,78.9235,0.9397,994.9075314998628,38.1631875038147,0.6728053092956543,1,sminilm,1,KiralyMSMApproximateClustering,0.7000000000000001
D6,gridsearch,RandomForestRegressor,117.93195864549207,396.7244383890355,45.3333,60.4225,0.7503,1329.8291006088257,7.8642191886901855,0.0792882442474365,1,sminilm,2,KiralyMSMApproximateClustering,0.7000000000000001
D7,gridsearch,RandomForestRegressor,115.04125291830678,260.9544234839603,62.1178,67.76,0.9167,1343.8144946098328,47.72350740432739,0.468775987625122,1,sminilm,1,KiralyMSMApproximateClustering,0.6000000000000001
D8,gridsearch,RandomForestRegressor,129.84957035892288,757.0148865612672,40.7814,49.5337,0.8233,1359.9293880462646,43.95809435844421,0.4237270355224609,1,st5,93,KiralyMSMApproximateClustering,0.15
D9,gridsearch,RandomForestRegressor,83.73354821985967,1429.3270577699086,94.3485,94.9241,0.9939,1218.7998840808868,41.87770462036133,0.4586341381072998,1,st5,73,KiralyMSMApproximateClustering,0.4
D10,gridsearch,RandomForestRegressor,117.1761943596746,631.1483670014699,54.9952,56.117,0.98,1579.8445913791656,50.90659141540527,0.5779235363006592,1,st5,96,KiralyMSMApproximateClustering,0.3
D1,optuna,RandomForestRegressor,89.58109877445425,403.9422178650616,55.0,78.4314,0.7012,659.8163020610809,23.49406623840332,0.1700837612152099,1,st5,6,UniqueMappingClustering,0.7253830296420516
D2,optuna,RandomForestRegressor,82.31822105405875,623.5842115443493,78.4566,85.8486,0.9139,870.7303285598755,20.63936448097229,0.1539843082427978,1,st5,100,KiralyMSMApproximateClustering,0.2720269468553171
D3,optuna,RandomForestRegressor,90.52672729328074,572.4610319801428,56.0706,59.1887,0.9473,929.8791470527648,19.404155492782596,0.1443939208984375,1,st5,1,UniqueMappingClustering,0.157067170004339
D4,optuna,RandomForestRegressor,86.6728553916147,2083.5837163918045,98.1761,98.6011,0.9957,898.3599090576172,22.763265132904053,0.1576740741729736,1,st5,100,KiralyMSMApproximateClustering,0.1908141229137288
D5,optuna,RandomForestRegressor,83.10169900968612,369.7830691925357,71.4286,78.9235,0.905,591.8546171188354,3.767871856689453,0.0303764343261718,1,sminilm,1,UniqueMappingClustering,0.7228107779015368
D6,optuna,RandomForestRegressor,92.41400524757844,374.0150585070199,47.6932,60.4225,0.7893,962.6287698745728,23.012338399887085,0.1713247299194336,1,sminilm,1,KiralyMSMApproximateClustering,0.678951006080313
D7,optuna,RandomForestRegressor,89.47459057031446,274.6653546451062,62.1979,67.76,0.9179,827.9103384017944,16.85879921913147,0.1284506320953369,1,sminilm,1,KiralyMSMApproximateClustering,0.6013272436743283
D8,optuna,RandomForestRegressor,101.23174269432997,669.5281156129031,40.7814,49.5337,0.8233,883.2928216457367,20.7364661693573,0.149409532546997,1,st5,100,KiralyMSMApproximateClustering,0.2551941606292929
D9,optuna,RandomForestRegressor,70.73428165642856,1428.8406608724842,94.3686,94.9241,0.9941,608.7620820999146,11.727332830429075,0.0886900424957275,1,st5,100,KiralyMSMApproximateClustering,0.6262659777294881
D10,optuna,RandomForestRegressor,94.1967497293878,411.8454062080035,4.2453,56.117,0.0757,963.5088729858398,33.805649518966675,0.2586746215820312,1,st5,1,KiralyMSMApproximateClustering,0.8599238144090521
D1,all,RandomForestRegressor,114.64122529223384,287.58892303223723,55.873,78.4314,0.7124,1911.504421710968,13.302583932876589,0.1564397811889648,1,st5,1,KiralyMSMApproximateClustering,0.6271283369121952
D2,all,RandomForestRegressor,103.38041668080515,676.6970843518255,74.2145,85.8486,0.8645,1723.785338640213,13.081522464752195,0.1704413890838623,1,sminilm,100,KiralyMSMApproximateClustering,0.2
D3,all,RandomForestRegressor,112.9794215654303,469.2148384106557,57.7127,59.1887,0.9751,2226.3856387138367,13.19396686553955,0.1597974300384521,1,st5,100,UniqueMappingClustering,0.05
D4,all,RandomForestRegressor,105.5518944325906,2296.605299305636,98.1761,98.6011,0.9957,2442.5771787166595,72.13691663742065,0.7721600532531738,1,st5,100,KiralyMSMApproximateClustering,0.1283030732112443
D5,all,RandomForestRegressor,105.0781181944295,384.0914707037316,76.2613,78.9235,0.9663,1491.3347175121307,12.72583270072937,0.1641783714294433,1,sminilm,1,KiralyMSMApproximateClustering,0.6624574112699669
D6,all,RandomForestRegressor,117.0981250307456,377.872687461464,42.6462,60.4225,0.7058,1878.8632876873016,62.79300260543823,0.5314819812774658,1,st5,1,KiralyMSMApproximateClustering,0.8
D7,all,RandomForestRegressor,112.19971536398803,271.9915073865162,58.4911,67.76,0.8632,1938.264778614044,12.621289491653442,0.1057572364807128,1,sminilm,1,KiralyMSMApproximateClustering,0.5607159857422135
D8,all,RandomForestRegressor,125.95646830165178,707.7175383972171,40.7814,49.5337,0.8233,2006.4865808486936,12.845907211303713,0.1050751209259033,1,st5,100,KiralyMSMApproximateClustering,0.0700587711945674
D9,all,RandomForestRegressor,83.76551583918474,1524.9451828741942,94.3686,94.9241,0.9941,1966.6474056243896,58.02344608306885,0.5216927528381348,1,st5,100,KiralyMSMApproximateClustering,0.3533994676769966
D10,all,RandomForestRegressor,115.38417538771922,470.4634196025946,3.573,56.117,0.0637,1978.5417160987852,19.077752351760864,0.1786003112792968,1,st5,65,KiralyMSMApproximateClustering,0.8655360342242581
D1,optuna,RandomForestRegressor,447.9699797639336,393.8431429548737,10.0,78.4314,0.1275,1141.2008061408997,25.09790802001953,0.2544581890106201,0,word2vec,1,ConnectedComponentsClustering,0.05
D2,optuna,RandomForestRegressor,451.1112759711417,357.2913553315275,78.6325,85.8486,0.9159,1097.264675617218,27.845093727111816,0.2845828533172607,0,st5,12,KiralyMSMApproximateClustering,0.1116888525292676
D3,optuna,RandomForestRegressor,459.6392914830257,208.00158341041467,56.1687,59.1887,0.949,1127.098842382431,28.73692536354065,0.30354905128479,0,st5,1,KiralyMSMApproximateClustering,0.7204566026393792
D4,optuna,RandomForestRegressor,301.58301064873314,1919.3148601947264,97.5556,98.6011,0.9894,1129.5351662635803,42.46401572227478,0.4331626892089844,0,st5,10,UniqueMappingClustering,0.1249843586461435
D5,optuna,RandomForestRegressor,459.3053958267931,228.40300125327963,68.9032,78.9235,0.873,838.408055305481,13.10114049911499,0.1387734413146972,0,sminilm,37,KiralyMSMApproximateClustering,0.0621617998517821
D6,optuna,RandomForestRegressor,439.505056203858,398.5064180334689,44.6445,60.4225,0.7389,1182.07985830307,39.37965178489685,0.4061722755432129,0,st5,34,KiralyMSMApproximateClustering,0.05
D7,optuna,RandomForestRegressor,456.0792503507734,234.78413692827675,65.3846,67.76,0.9649,1105.5376093387604,30.002211809158325,0.3193273544311523,0,st5,1,KiralyMSMApproximateClustering,0.8292461192210443
D8,optuna,RandomForestRegressor,419.79181499597416,662.4249308917449,42.342,49.5337,0.8548,1078.5540254116058,27.73008179664612,0.2792179584503174,0,st5,31,KiralyMSMApproximateClustering,0.8147191103484894
D9,optuna,RandomForestRegressor,394.0445310734692,950.6740678932524,94.4089,94.9241,0.9946,1088.0406110286713,26.718817234039307,0.2744019031524658,0,st5,18,KiralyMSMApproximateClustering,0.1739228646611409
D10,optuna,RandomForestRegressor,406.2667769301255,735.4882114138793,55.3442,56.117,0.9862,1012.6710078716278,22.68221092224121,0.2400746345520019,0,st5,10,KiralyMSMApproximateClustering,0.0741374358787617
D1,all,RandomForestRegressor,511.3599158947881,303.8170825019429,57.7049,78.4314,0.7357,3153.626233816147,65.56799626350403,0.8015491962432861,0,st5,17,KiralyMSMApproximateClustering,0.8743226840278511
D2,all,RandomForestRegressor,509.61587542815903,344.5684768570056,81.8792,85.8486,0.9538,3496.460916996002,85.85542488098145,1.0416994094848633,0,st5,1,KiralyMSMApproximateClustering,0.6953674234653642
D3,all,RandomForestRegressor,519.2850120329073,213.750755060132,57.7127,59.1887,0.9751,2658.279117822647,66.30052185058594,0.8138659000396729,0,st5,100,UniqueMappingClustering,0.1482038713919421
D4,all,RandomForestRegressor,331.74857379224113,2156.063799460202,98.3311,98.6011,0.9973,3836.448414087296,90.10681819915771,1.2461495399475098,0,st5,100,KiralyMSMApproximateClustering,0.8160718062460619
D5,all,RandomForestRegressor,517.8960352966383,237.25935929327085,75.733,78.9235,0.9596,2972.177060365677,81.23649263381958,1.353297233581543,0,st5,1,KiralyMSMApproximateClustering,0.714829939684642
D6,all,RandomForestRegressor,501.9077052479844,393.9062943936525,56.7892,60.4225,0.9399,2949.510396957397,102.62302303314208,1.275425672531128,0,smpnet,1,KiralyMSMApproximateClustering,0.5021882849120562
D7,all,RandomForestRegressor,515.6863329106675,267.705727003101,65.3846,67.76,0.9649,3215.793855190277,88.80313372612,0.9342718124389648,0,st5,1,KiralyMSMApproximateClustering,0.8292461192210443
D8,all,RandomForestRegressor,486.5350600258397,543.4762142814304,47.0485,49.5337,0.9498,4133.762493371964,63.97436475753784,0.5783271789550781,0,st5,1,UniqueMappingClustering,0.8959570521076154
D9,all,RandomForestRegressor,450.2966817815524,992.5363879726884,91.6553,94.9241,0.9656,2628.478030204773,86.65357422828674,0.830263614654541,0,st5,27,KiralyMSMApproximateClustering,0.8787722113821267
D10,all,RandomForestRegressor,464.7015651798302,741.441712303078,55.3979,56.117,0.9872,3224.4509620666504,105.49857974052428,1.107485294342041,0,st5,1,KiralyMSMApproximateClustering,0.1765053908757876
D1,optuna,LinearRegression,544.4438,547.9948,55.3459,78.4314,0.7057,0.0523,0.0223,0.0011,0,st5,1,KiralyMSMApproximateClustering,0.05
D2,optuna,LinearRegression,552.8827,419.6181,81.9401,85.8486,0.9545,0.0495,0.0216,0.0011,0,st5,1,KiralyMSMApproximateClustering,0.05
D3,optuna,LinearRegression,571.387,245.9041,55.9823,59.1887,0.9458,0.1048,0.0218,0.0011,0,st5,1,KiralyMSMApproximateClustering,0.05
D4,optuna,LinearRegression,397.4193,1995.318,98.1761,98.6011,0.9957,0.0476,0.0215,0.0012,0,st5,100,KiralyMSMApproximateClustering,0.05
D5,optuna,LinearRegression,569.5459,263.5872,69.3934,78.9235,0.8792,0.0472,0.021,0.0011,0,st5,1,KiralyMSMApproximateClustering,0.05
D6,optuna,LinearRegression,551.2743,439.1771,43.8459,60.4225,0.7257,0.0493,0.0213,0.0011,0,st5,1,KiralyMSMApproximateClustering,0.05
D7,optuna,LinearRegression,566.5076,281.4961,48.4848,67.76,0.7155,0.0467,0.0212,0.0011,0,st5,1,KiralyMSMApproximateClustering,0.05
D8,optuna,LinearRegression,531.8614,652.0668,38.0861,49.5337,0.7689,0.046,0.0211,0.0011,0,st5,1,KiralyMSMApproximateClustering,0.05
D9,optuna,LinearRegression,504.4922,897.8795,92.8452,94.9241,0.9781,0.0502,0.021,0.0011,0,st5,1,KiralyMSMApproximateClustering,0.05
D10,optuna,LinearRegression,518.4466,743.4674,55.3979,56.117,0.9872,0.0466,0.0211,0.0011,0,st5,1,KiralyMSMApproximateClustering,0.05
D1,all,LinearRegression,576.861,398.7234,55.3459,78.4314,0.7057,0.0991,0.0772,0.0015,0,st5,1,KiralyMSMApproximateClustering,0.05
D2,all,LinearRegression,574.1558,412.0306,81.9401,85.8486,0.9545,0.1128,0.0847,0.0016,0,st5,1,KiralyMSMApproximateClustering,0.05
D3,all,LinearRegression,589.2323,271.3371,55.9823,59.1887,0.9458,0.1029,0.0767,0.0016,0,st5,1,KiralyMSMApproximateClustering,0.05
D4,all,LinearRegression,395.4698,2233.1685,98.3769,98.6011,0.9977,0.1014,0.0767,0.0016,0,st5,1,KiralyMSMApproximateClustering,0.05
D5,all,LinearRegression,583.8482,321.5782,69.3934,78.9235,0.8792,0.0997,0.0759,0.0016,0,st5,1,KiralyMSMApproximateClustering,0.05
D6,all,LinearRegression,573.76,440.3768,43.8459,60.4225,0.7257,0.1137,0.0766,0.0017,0,st5,1,KiralyMSMApproximateClustering,0.05
D7,all,LinearRegression,588.2453,299.6394,48.4848,67.76,0.7155,0.097,0.076,0.0016,0,st5,1,KiralyMSMApproximateClustering,0.05
D8,all,LinearRegression,565.4038,514.2959,38.0861,49.5337,0.7689,0.1066,0.0773,0.0016,0,st5,1,KiralyMSMApproximateClustering,0.05
D9,all,LinearRegression,519.0758,984.1435,92.8452,94.9241,0.9781,0.102,0.0769,0.0017,0,st5,1,KiralyMSMApproximateClustering,0.05
D10,all,LinearRegression,541.515,758.3644,55.3979,56.117,0.9872,0.1065,0.0767,0.0016,0,st5,1,KiralyMSMApproximateClustering,0.05
D1,gridsearch,RandomForestRegressor,543.6458626403629,235.4903323773507,55.873,78.4314,0.7124,1158.1467370986938,9.74265742301941,0.188173770904541,0,st5,86,KiralyMSMApproximateClustering,0.7500000000000001
D2,gridsearch,RandomForestRegressor,538.7408001369054,314.51089217209216,78.1955,85.8486,0.9109,1318.479911327362,16.58462119102478,0.331817626953125,0,st5,99,KiralyMSMApproximateClustering,0.7500000000000001
D3,gridsearch,RandomForestRegressor,560.6238834450543,220.2032347257681,56.7164,59.1887,0.9582,1620.5064494609833,25.42432188987732,0.5087411403656006,0,st5,96,KiralyMSMApproximateClustering,0.7500000000000001
D4,gridsearch,RandomForestRegressor,340.4123581301261,2297.6389651085337,98.1982,98.6011,0.9959,1450.7946412563324,15.000088214874268,0.3157012462615967,0,st5,99,KiralyMSMApproximateClustering,0.7500000000000001
D5,gridsearch,RandomForestRegressor,544.4036085509563,246.69860664179976,72.8713,78.9235,0.9233,1784.5709581375122,71.60682010650635,1.4788970947265625,0,st5,90,KiralyMSMApproximateClustering,0.7000000000000001
D6,gridsearch,RandomForestRegressor,530.0616633542243,383.1105744793393,49.2424,60.4225,0.815,1574.4779908657074,27.497759342193604,0.3827433586120605,0,st5,5,KiralyMSMApproximateClustering,0.7500000000000001
D7,gridsearch,RandomForestRegressor,542.4567455838634,267.6859087243706,46.0523,67.76,0.6796,2146.176647901535,66.19005036354065,1.020557880401611,0,st5,100,KiralyMSMApproximateClustering,0.6000000000000001
D8,gridsearch,RandomForestRegressor,516.5517331247662,497.4741734205131,38.2457,49.5337,0.7721,1418.4677093029022,40.880876541137695,0.585482120513916,0,st5,1,KiralyMSMApproximateClustering,0.7000000000000001
D9,gridsearch,RandomForestRegressor,471.85543430287584,1017.7204265243494,94.5097,94.9241,0.9956,1283.3343160152435,31.8873987197876,0.4972000122070312,0,st5,96,KiralyMSMApproximateClustering,0.7500000000000001
D10,gridsearch,RandomForestRegressor,487.3134435997888,755.5600455984043,41.5148,56.117,0.7398,1594.7380347251892,52.09990191459656,0.7942526340484619,0,st5,1,KiralyMSMApproximateClustering,0.7500000000000001
D1,gridsearch,LinearRegression,601.6444,280.3159,55.3459,78.4314,0.7057,0.0777,0.0606,0.0013,0,st5,1,KiralyMSMApproximateClustering,0.05
D2,gridsearch,LinearRegression,586.6704,393.6645,81.9401,85.8486,0.9545,0.0736,0.0425,0.0013,0,st5,1,KiralyMSMApproximateClustering,0.05
D3,gridsearch,LinearRegression,616.6513,287.2331,55.9823,59.1887,0.9458,0.0705,0.0408,0.0013,0,st5,1,KiralyMSMApproximateClustering,0.05
D4,gridsearch,LinearRegression,389.7217,2384.1953,98.3769,98.6011,0.9977,0.0753,0.0425,0.0013,0,st5,1,KiralyMSMApproximateClustering,0.05
D5,gridsearch,LinearRegression,592.7632,343.208,69.3934,78.9235,0.8792,0.069,0.0425,0.0012,0,st5,1,KiralyMSMApproximateClustering,0.05
D6,gridsearch,LinearRegression,586.1393,433.3739,43.8459,60.4225,0.7257,0.0826,0.0428,0.0012,0,st5,1,KiralyMSMApproximateClustering,0.05
D7,gridsearch,LinearRegression,601.8142,282.4391,48.4848,67.76,0.7155,0.0747,0.0427,0.0013,0,st5,1,KiralyMSMApproximateClustering,0.05
D8,gridsearch,LinearRegression,584.1296,444.5389,38.0861,49.5337,0.7689,0.0931,0.0551,0.0014,0,st5,1,KiralyMSMApproximateClustering,0.05
D9,gridsearch,LinearRegression,523.643,1045.9317,92.8452,94.9241,0.9781,0.088,0.0579,0.0013,0,st5,1,KiralyMSMApproximateClustering,0.05
D10,gridsearch,LinearRegression,550.8442,763.3144,55.3994,56.117,0.9872,0.0854,0.0425,0.0012,0,st5,1,KiralyMSMApproximateClustering,0.05
