TEST_SET,DATASET,EXPERIMENT,REGRESSOR,VALIDATION_MSE,TEST_MSE,PREDICTED_F1,GLOBAL_BEST_F1,PERFORMANCE,OPTIMIZATION_TIME,BEST_REGRESSOR_FIT_TIME,BEST_REGRESSOR_PREDICTION_TIME,WITH_DATA_FEATURES,LM,K,CLUSTERING,THRESHOLD,ETEER_RUNTIME
D1,all,AutoML,0.88*random_forest + 0.08*gradient_boosting + 0.04*gradient_boosting,,538.598,54.8287,78.4314,0.6991,43440.672,,13.4146,1,st5,11.0,UniqueMappingClustering,0.75,
D10,all,AutoML,0.88*random_forest + 0.06*gradient_boosting + 0.04*gradient_boosting + 0.02*k_nearest_neighbors,,2288.8816,17.2346,56.117,0.3071,43430.0451,,503.7444,1,st5,84.0,KiralyMSMApproximateClustering,0.8071,
D2,all,AutoML,0.841*random_forest + 0.082*gradient_boosting + 0.065*gradient_boosting + 0.024*k_nearest_neighbors,,1568.3941,81.5544,85.8486,0.95,43453.541,,476.2028,1,st5,1.0,UniqueMappingClustering,0.753,
D3,all,AutoML,0.88*random_forest + 0.08*gradient_boosting + 0.04*gradient_boosting,,23.5243,56.9019,59.1887,0.9614,43452.0678,,37.872,1,sminilm,3.0,UniqueMappingClustering,0.6,
D4,all,AutoML,0.96*random_forest + 0.04*gradient_boosting,,3249.5067,98.451,98.6011,0.9985,43447.5507,,28.3302,1,st5,1.0,ConnectedComponentsClustering,0.8742,
D5,all,AutoML,0.82*random_forest + 0.14*extra_trees + 0.04*gradient_boosting,,365.8662,26.7417,78.9235,0.3388,43493.2859,,52.7047,1,sminilm,6.0,ConnectedComponentsClustering,0.85,
D6,all,AutoML,0.88*random_forest + 0.08*gradient_boosting + 0.04*gradient_boosting,,340.7414,32.7573,60.4225,0.5421,43445.624,,58.3347,1,st5,95.0,ConnectedComponentsClustering,0.8556,
D7,all,AutoML,0.9*random_forest + 0.06*gradient_boosting + 0.04*gradient_boosting,,397.513,62.1735,67.76,0.9176,43438.5699,,67.9033,1,st5,1.0,UniqueMappingClustering,0.75,
D8,all,AutoML,0.9*random_forest + 0.06*gradient_boosting + 0.04*gradient_boosting,,269.5959,40.2703,49.5337,0.813,43431.4983,,58.4841,1,st5,5.0,KiralyMSMApproximateClustering,0.7,
D9,all,AutoML,0.94*random_forest + 0.06*gradient_boosting,,2076.766,94.3887,94.9241,0.9944,43430.4042,,40.3751,1,st5,92.0,KiralyMSMApproximateClustering,0.7,
D1,all,AutoML,0.54*gradient_boosting + 0.36*random_forest + 0.1*gradient_boosting,,319.4926,57.1429,78.4314,0.7286,43218.6062,,61.9368,0,st5,1.0,KiralyMSMApproximateClustering,0.779,
D10,all,AutoML,0.6*gradient_boosting + 0.36*random_forest + 0.04*gradient_boosting,,794.0894,55.3979,56.117,0.9872,43200.3256,,50.2222,0,st5,1.0,KiralyMSMApproximateClustering,0.1932,
D2,all,AutoML,0.58*gradient_boosting + 0.32*random_forest + 0.1*gradient_boosting,,304.1842,78.4878,85.8486,0.9143,43197.9433,,36.7287,0,st5,8.0,KiralyMSMApproximateClustering,0.1311,
D3,all,AutoML,0.62*gradient_boosting + 0.36*random_forest + 0.02*gradient_boosting,,211.4789,57.4176,59.1887,0.9701,43197.2472,,55.5973,0,st5,100.0,KiralyMSMApproximateClustering,0.3017,
D4,all,AutoML,0.66*gradient_boosting + 0.32*random_forest + 0.02*gradient_boosting,,2148.723,98.1761,98.6011,0.9957,43201.8067,,69.0912,0,st5,21.0,KiralyMSMApproximateClustering,0.3019,
D5,all,AutoML,0.58*gradient_boosting + 0.32*random_forest + 0.1*gradient_boosting,,239.3281,68.9032,78.9235,0.873,43196.6731,,74.6702,0,sminilm,37.0,KiralyMSMApproximateClustering,0.0622,
D6,all,AutoML,0.34*random_forest + 0.32*gradient_boosting + 0.28*gradient_boosting + 0.06*gradient_boosting,,394.0728,41.0,60.4225,0.6786,43228.2408,,60.8154,0,st5,7.0,KiralyMSMApproximateClustering,0.6073,
D7,all,AutoML,0.58*gradient_boosting + 0.36*random_forest + 0.06*gradient_boosting,,266.1762,65.4746,67.76,0.9663,43204.3003,,67.9615,0,sminilm,1.0,UniqueMappingClustering,0.6694,
D8,all,AutoML,0.6*gradient_boosting + 0.38*random_forest + 0.02*gradient_boosting,,579.8295,42.342,49.5337,0.8548,43200.0982,,66.3313,0,st5,37.0,KiralyMSMApproximateClustering,0.8145,
D9,all,AutoML,0.8*gradient_boosting + 0.2*gradient_boosting,,940.4119,91.6553,94.9241,0.9656,43195.2538,,63.7164,0,st5,27.0,KiralyMSMApproximateClustering,0.8788,
D1,optuna,AutoML,0.38*extra_trees + 0.36*random_forest + 0.14*gradient_boosting + 0.1*k_nearest_neighbors + 0.02*gradient_boosting,,424.827,55.3459,78.4314,0.7057,43238.956,,239.6281,1,st5,1.0,UniqueMappingClustering,0.2659,
D10,optuna,AutoML,0.78*extra_trees + 0.12*gradient_boosting + 0.1*extra_trees,,292.832,36.3098,56.117,0.647,43227.266,,67.7714,1,smpnet,1.0,KiralyMSMApproximateClustering,0.05,13.6454
D2,optuna,AutoML,0.82*extra_trees + 0.12*gradient_boosting + 0.04*random_forest + 0.02*k_nearest_neighbors,,415.2661,81.9401,85.8486,0.9545,43221.143,,178.6551,1,st5,1.0,KiralyMSMApproximateClustering,0.1722,
D3,optuna,AutoML,0.54*extra_trees + 0.16*extra_trees + 0.14*random_forest + 0.12*gradient_boosting + 0.04*k_nearest_neighbors,,223.0337,57.7941,59.1887,0.9764,43237.3137,,218.3301,1,st5,32.0,UniqueMappingClustering,0.05,2.9766
D4,optuna,AutoML,0.5*extra_trees + 0.38*random_forest + 0.08*gradient_boosting + 0.04*k_nearest_neighbors,,2280.8802,98.3769,98.6011,0.9977,43224.6895,,215.1101,1,st5,1.0,KiralyMSMApproximateClustering,0.05,0.8333
D5,optuna,AutoML,0.78*extra_trees + 0.1*gradient_boosting + 0.06*random_forest + 0.06*k_nearest_neighbors,,311.993,71.9689,78.9235,0.9119,43225.5253,,249.2466,1,smpnet,1.0,KiralyMSMApproximateClustering,0.6659,
D6,optuna,AutoML,0.4*extra_trees + 0.18*random_forest + 0.18*gradient_boosting + 0.12*gradient_boosting + 0.12*k_nearest_neighbors,,309.2738,55.9806,60.4225,0.9265,43225.9136,,252.5683,1,sminilm,1.0,KiralyMSMApproximateClustering,0.6307,
D7,optuna,AutoML,0.5*extra_trees + 0.24*random_forest + 0.2*gradient_boosting + 0.04*k_nearest_neighbors + 0.02*gradient_boosting,,341.6059,50.141,67.76,0.74,43221.8297,,227.4257,1,smpnet,1.0,UniqueMappingClustering,0.228,
D8,optuna,AutoML,0.52*extra_trees + 0.2*random_forest + 0.12*k_nearest_neighbors + 0.1*gradient_boosting + 0.06*gradient_boosting,,792.5619,40.7674,49.5337,0.823,43222.2741,,229.6457,1,st5,91.0,KiralyMSMApproximateClustering,0.0501,
D9,optuna,AutoML,0.52*extra_trees + 0.28*random_forest + 0.14*gradient_boosting + 0.06*k_nearest_neighbors,,2037.7087,94.3686,94.9241,0.9941,43221.845,,222.3003,1,st5,100.0,KiralyMSMApproximateClustering,0.4767,
D1,optuna,AutoML,0.74*extra_trees + 0.18*random_forest + 0.04*k_nearest_neighbors + 0.02*gradient_boosting + 0.02*adaboost,,444.348,57.1429,78.4314,0.7286,43201.3939,,55.9394,0,st5,1.0,KiralyMSMApproximateClustering,0.779,
D10,optuna,AutoML,0.94*extra_trees + 0.02*random_forest + 0.02*gradient_boosting + 0.02*ard_regression,,802.9557,55.3979,56.117,0.9872,43236.6576,,28.4424,0,st5,1.0,UniqueMappingClustering,0.0853,
D2,optuna,AutoML,0.92*extra_trees + 0.02*extra_trees + 0.02*gradient_boosting + 0.02*k_nearest_neighbors + 0.02*adaboost,,337.4461,78.6325,85.8486,0.9159,43205.8106,,60.6276,0,st5,12.0,KiralyMSMApproximateClustering,0.1117,
D3,optuna,AutoML,0.82*extra_trees + 0.08*extra_trees + 0.06*gradient_boosting + 0.02*extra_trees + 0.02*k_nearest_neighbors,,238.7432,57.4176,59.1887,0.9701,43209.6093,,73.2937,0,st5,100.0,KiralyMSMApproximateClustering,0.3209,
D4,optuna,AutoML,0.74*extra_trees + 0.22*random_forest + 0.02*gradient_boosting + 0.02*ard_regression,,1938.3059,98.1761,98.6011,0.9957,43238.1494,,40.3322,0,st5,21.0,KiralyMSMApproximateClustering,0.3019,
D5,optuna,AutoML,0.74*extra_trees + 0.1*k_nearest_neighbors + 0.06*random_forest + 0.04*random_forest + 0.04*gradient_boosting + 0.02*k_nearest_neighbors,,278.9575,62.8471,78.9235,0.7963,43212.5706,,95.4209,0,sdistilroberta,32.0,KiralyMSMApproximateClustering,0.05,3.948
D6,optuna,AutoML,0.86*extra_trees + 0.04*extra_trees + 0.04*gradient_boosting + 0.04*k_nearest_neighbors + 0.02*ard_regression,,427.5353,51.1573,60.4225,0.8467,43211.8789,,56.0087,0,sminilm,1.0,UniqueMappingClustering,0.2,0.8253710269927979
D7,optuna,AutoML,0.88*extra_trees + 0.04*random_forest + 0.02*gradient_boosting + 0.02*k_nearest_neighbors + 0.02*gradient_boosting + 0.02*k_nearest_neighbors,,269.0321,65.3846,67.76,0.9649,43213.823,,197.5819,0,st5,1.0,KiralyMSMApproximateClustering,0.8292,
D8,optuna,AutoML,0.9*extra_trees + 0.02*gradient_boosting + 0.02*adaboost + 0.02*k_nearest_neighbors + 0.02*random_forest + 0.02*random_forest,,791.6615,47.0485,49.5337,0.9498,43213.0313,,62.4086,0,st5,1.0,UniqueMappingClustering,0.896,
D9,optuna,AutoML,0.86*extra_trees + 0.1*random_forest + 0.04*gradient_boosting,,1011.2043,94.3887,94.9241,0.9944,43240.4427,,25.2851,0,st5,21.0,KiralyMSMApproximateClustering,0.3019,
D1,gridsearch,AutoML,0.62*gradient_boosting + 0.38*random_forest,,345.2841,19.2982,78.4314,0.2461,43279.9262,,47.1224,1,sdistilroberta,1.0,ConnectedComponentsClustering,0.55,1.9444820880889893
D10,gridsearch,AutoML,0.76*gradient_boosting + 0.24*random_forest,,647.5369,29.8483,56.117,0.5319,43338.3617,,10.9145,1,sminilm,47.0,KiralyMSMApproximateClustering,0.55,19.14986824989319
D2,gridsearch,AutoML,0.76*gradient_boosting + 0.18*random_forest + 0.06*extra_trees,,1254.1471,68.8019,85.8486,0.8014,43427.6676,,18.5218,1,sminilm,1.0,ConnectedComponentsClustering,0.65,
D3,gridsearch,AutoML,0.78*gradient_boosting + 0.22*random_forest,,183.4991,40.7589,59.1887,0.6886,43290.3557,,61.8833,1,st5,1.0,ConnectedComponentsClustering,0.45,0.7603440284729004
D4,gridsearch,AutoML,0.76*gradient_boosting + 0.24*random_forest,,2829.653,97.6881,98.6011,0.9907,43312.0484,,62.6318,1,sminilm,1.0,UniqueMappingClustering,0.4,0.5781216621398926
D5,gridsearch,AutoML,0.82*gradient_boosting + 0.14*random_forest + 0.04*extra_trees,,803.1593,71.2832,78.9235,0.9032,43466.5675,,25.148,1,st5,1.0,ConnectedComponentsClustering,0.7,
D6,gridsearch,AutoML,0.74*gradient_boosting + 0.26*random_forest,,326.6301,45.5549,60.4225,0.7539,43306.8554,,64.944,1,sminilm,1.0,UniqueMappingClustering,0.7,
D7,gridsearch,AutoML,0.76*gradient_boosting + 0.24*random_forest,,409.1263,57.5722,67.76,0.8496,43313.777,,53.3935,1,sminilm,1.0,UniqueMappingClustering,0.55,19.868253231048584
D8,gridsearch,AutoML,0.72*gradient_boosting + 0.28*random_forest,,1329.3703,34.6102,49.5337,0.6987,43359.9604,,22.0695,1,smpnet,1.0,UniqueMappingClustering,0.65,
D9,gridsearch,AutoML,0.74*gradient_boosting + 0.26*random_forest,,1417.0373,94.3686,94.9241,0.9941,43329.1528,,17.3715,1,st5,99.0,KiralyMSMApproximateClustering,0.55,74.74114656448364
D1,gridsearch,AutoML,0.52*random_forest + 0.22*decision_tree + 0.16*adaboost + 0.1*ard_regression,,256.7627,55.873,78.4314,0.7124,43228.7849,,7.0127,0,st5,73.0,KiralyMSMApproximateClustering,0.75,
D10,gridsearch,AutoML,0.68*random_forest + 0.22*adaboost + 0.08*liblinear_svr + 0.02*ard_regression,,805.8773,41.7267,56.117,0.7436,43219.298,,5.5964,0,st5,76.0,KiralyMSMApproximateClustering,0.75,
D2,gridsearch,AutoML,0.8*random_forest + 0.1*adaboost + 0.1*ard_regression,,290.4618,78.1955,85.8486,0.9109,43225.16,,7.0918,0,st5,77.0,KiralyMSMApproximateClustering,0.75,
D3,gridsearch,AutoML,0.6*random_forest + 0.28*adaboost + 0.12*ard_regression,,216.7241,56.1757,59.1887,0.9491,43224.2766,,7.498,0,st5,1.0,KiralyMSMApproximateClustering,0.75,
D4,gridsearch,AutoML,0.58*random_forest + 0.3*adaboost + 0.12*ard_regression,,2253.3801,98.1761,98.6011,0.9957,43197.8977,,8.6415,0,st5,78.0,KiralyMSMApproximateClustering,0.7,
D5,gridsearch,AutoML,0.72*random_forest + 0.14*adaboost + 0.12*ard_regression + 0.02*adaboost,,243.0956,72.8713,78.9235,0.9233,43198.1702,,16.8349,0,st5,81.0,KiralyMSMApproximateClustering,0.7,
D6,gridsearch,AutoML,0.78*gradient_boosting + 0.16*random_forest + 0.02*ard_regression + 0.02*gradient_boosting + 0.02*gradient_boosting,,388.1291,49.5256,60.4225,0.8197,43197.319,,24.5741,0,st5,3.0,KiralyMSMApproximateClustering,0.75,
D7,gridsearch,AutoML,0.56*gradient_boosting + 0.26*adaboost + 0.1*ard_regression + 0.06*random_forest + 0.02*liblinear_svr,,274.9201,52.7853,67.76,0.779,43219.6041,,18.9368,0,st5,1.0,KiralyMSMApproximateClustering,0.7,
D8,gridsearch,AutoML,0.72*gradient_boosting + 0.16*random_forest + 0.12*gradient_boosting,,518.3562,38.8343,49.5337,0.784,43216.4479,,20.8246,0,st5,1.0,KiralyMSMApproximateClustering,0.75,
D9,gridsearch,AutoML,0.721*random_forest + 0.163*adaboost + 0.12*ard_regression + 0.024*mlp,,939.4617,94.2827,94.9241,0.9932,43196.9623,,5.2864,0,st5,1.0,KiralyMSMApproximateClustering,0.75,
D1,all,DL-SKLEARN,LinearRegression,247.1241,9.87297446005863e+22,55.3459,78.4314,0.7057,0.4103,0.326,0.0147,1,st5,1.0,KiralyMSMApproximateClustering,0.05,0.2369
D2,all,DL-SKLEARN,LinearRegression,241.8828,6.6547508996021055e+22,81.9401,85.8486,0.9545,0.2646,0.2393,0.0027,1,st5,1.0,KiralyMSMApproximateClustering,0.05,0.2036
D3,all,DL-SKLEARN,LinearRegression,270.4079,1.1380669042156172e+25,55.9823,59.1887,0.9458,0.2557,0.3289,0.0026,1,st5,1.0,KiralyMSMApproximateClustering,0.05,0.4788
D4,all,DL-SKLEARN,LinearRegression,243.8159,2.1300599712848315e+24,98.3769,98.6011,0.9977,0.238,0.2086,0.0022,1,st5,1.0,KiralyMSMApproximateClustering,0.05,0.8333
D5,all,DL-SKLEARN,LinearRegression,252.0246,2.744489959715826e+23,69.3934,78.9235,0.8792,0.2222,0.2088,0.0025,1,st5,1.0,KiralyMSMApproximateClustering,0.05,0.7913
D6,all,DL-SKLEARN,LinearRegression,269.9015,5.433684869943058e+23,43.8459,60.4225,0.7257,0.2473,0.2095,0.0023,1,st5,1.0,KiralyMSMApproximateClustering,0.05,1.3672
D7,all,DL-SKLEARN,LinearRegression,254.9566,3.843764838138442e+22,48.4848,67.76,0.7155,0.2271,0.2079,0.0024,1,st5,1.0,KiralyMSMApproximateClustering,0.05,1.6235
D8,all,DL-SKLEARN,LinearRegression,279.2682,6.014745922896272e+22,38.0861,49.5337,0.7689,0.2728,0.2092,0.0021,1,st5,1.0,KiralyMSMApproximateClustering,0.05,1.6269
D9,all,DL-SKLEARN,LinearRegression,228.6403,2.280802164194308e+25,92.8452,94.9241,0.9781,0.227,0.2081,0.0025,1,st5,1.0,KiralyMSMApproximateClustering,0.05,4.2272
D10,all,DL-SKLEARN,LinearRegression,261.5896,25893028.7451,55.3979,56.117,0.9872,0.2224,0.2068,0.0021,1,st5,1.0,KiralyMSMApproximateClustering,0.05,12.5363
D1,all,DL-SKLEARN,RandomForestRegressor,116.03315555931027,292.0489067082487,56.7742,78.4314,0.7239,3486.61425280571,130.5516083240509,1.598823070526123,1,st5,1.0,UniqueMappingClustering,0.7335633260163261,2.8753
D2,all,DL-SKLEARN,RandomForestRegressor,104.54882306621737,727.3019898294366,78.4566,85.8486,0.9139,2384.2625749111176,87.52312541007996,1.1971850395202637,1,st5,100.0,KiralyMSMApproximateClustering,0.3456940190573055,13.7161
D3,all,DL-SKLEARN,RandomForestRegressor,114.61312745517112,499.3744398317248,55.9823,59.1887,0.9458,2801.645585298538,38.57391881942749,0.4822719097137451,1,st5,1.0,KiralyMSMApproximateClustering,0.2,5.0174524784088135
D4,all,DL-SKLEARN,RandomForestRegressor,106.65248655563096,2383.72036644351,98.1761,98.6011,0.9957,3104.593712091446,115.5228009223938,1.391538143157959,1,st5,100.0,KiralyMSMApproximateClustering,0.1283030732112443,5.3053
D5,all,DL-SKLEARN,RandomForestRegressor,104.31600410317571,391.7862112125439,76.2613,78.9235,0.9663,2053.723527908325,69.29313921928406,1.0254569053649902,1,sminilm,1.0,KiralyMSMApproximateClustering,0.6624574112699669,1.3894
D6,all,DL-SKLEARN,RandomForestRegressor,115.17531210852272,434.7947463788122,42.6462,60.4225,0.7058,2064.535068511963,17.855390548706055,0.1856625080108642,1,st5,1.0,KiralyMSMApproximateClustering,0.8,1.2969164848327637
D7,all,DL-SKLEARN,RandomForestRegressor,112.70219668022916,270.09618073936696,58.4911,67.76,0.8632,1526.4084558486938,27.509838581085205,0.2970950603485107,1,sminilm,1.0,KiralyMSMApproximateClustering,0.5607159857422135,1.7427
D8,all,DL-SKLEARN,RandomForestRegressor,127.1858455983172,763.94224465494,40.7814,49.5337,0.8233,1524.9254183769226,27.476651191711422,0.2872798442840576,1,st5,100.0,KiralyMSMApproximateClustering,0.2199448242520678,28.7949
D9,all,DL-SKLEARN,RandomForestRegressor,84.67394816694846,1543.2101893538015,94.3686,94.9241,0.9941,2387.7185611724854,67.96199083328247,0.7973034381866455,1,st5,100.0,KiralyMSMApproximateClustering,0.3756248115456757,60.205
D10,all,DL-SKLEARN,RandomForestRegressor,116.2965210937793,464.2850536098684,4.2453,56.117,0.0757,1942.752686738968,44.88830900192261,0.5565531253814697,1,st5,1.0,KiralyMSMApproximateClustering,0.8599238144090521,10.4494
D1,gridsearch,DL-SKLEARN,RandomForestRegressor,119.46202542740284,222.66150157258852,55.3459,78.4314,0.7057,1999.2039151191711,73.09736633300781,1.2082343101501465,1,st5,1.0,KiralyMSMApproximateClustering,0.2,4.105453968048096
D2,gridsearch,DL-SKLEARN,RandomForestRegressor,106.43488855014115,739.964408200803,78.4607,85.8486,0.9139,1340.0571103096008,10.10425066947937,0.1814744472503662,1,st5,16.0,KiralyMSMApproximateClustering,0.1,5.100506544113159
D3,gridsearch,DL-SKLEARN,RandomForestRegressor,115.22285235983708,452.5321070387837,56.8619,59.1887,0.9607,1364.9401099681854,10.218032360076904,0.1759481430053711,1,st5,2.0,KiralyMSMApproximateClustering,0.6000000000000001,0.5469865798950195
D4,gridsearch,DL-SKLEARN,RandomForestRegressor,106.16161323444533,2446.936741658565,98.2417,98.6011,0.9964,1968.864902973175,65.25512075424194,1.0045990943908691,1,st5,2.0,KiralyMSMApproximateClustering,0.2,1.7042839527130127
D5,gridsearch,DL-SKLEARN,RandomForestRegressor,108.53684163835828,386.8546955388105,74.1636,78.9235,0.9397,1708.4651505947113,53.34379839897156,0.9435505867004396,1,sminilm,1.0,KiralyMSMApproximateClustering,0.7000000000000001,2.0470404624938965
D6,gridsearch,DL-SKLEARN,RandomForestRegressor,117.87809696051777,381.80267633305647,45.4387,60.4225,0.752,1839.02392244339,42.49723601341248,0.5087125301361084,1,sminilm,1.0,KiralyMSMApproximateClustering,0.7000000000000001,1.2040183544158936
D7,gridsearch,DL-SKLEARN,RandomForestRegressor,115.72603303243932,264.4320909638824,62.1178,67.76,0.9167,1425.209182024002,38.81349301338196,0.470412015914917,1,sminilm,1.0,KiralyMSMApproximateClustering,0.6000000000000001,1.5752086639404297
D8,gridsearch,DL-SKLEARN,RandomForestRegressor,129.6018165874877,788.8585454615234,40.7814,49.5337,0.8233,1530.5537688732147,24.269431114196777,0.2803108692169189,1,st5,99.0,KiralyMSMApproximateClustering,0.25,33.104527950286865
D9,gridsearch,DL-SKLEARN,RandomForestRegressor,83.07103504554792,1355.2332413711404,94.3485,94.9241,0.9939,1291.4855337142944,42.13788199424744,0.5433125495910645,1,st5,74.0,KiralyMSMApproximateClustering,0.35,60.761006116867065
D10,gridsearch,DL-SKLEARN,RandomForestRegressor,117.15639525421884,597.02299632421,54.9106,56.117,0.9785,1850.009040594101,48.67229509353638,0.667424201965332,1,st5,27.0,KiralyMSMApproximateClustering,0.5,37.546969175338745
D1,gridsearch,DL-SKLEARN,XGBRegressor,0.0786,745.8629,52.381,78.4314,0.6679,90449.891,1399.8004,0.1899,1,,,,,
D2,gridsearch,DL-SKLEARN,XGBRegressor,0.0789,2012.476,77.2575,85.8486,0.8999,88646.8109,1223.0311,0.1962,1,,,,,
D3,gridsearch,DL-SKLEARN,XGBRegressor,32.794,518.9043,56.8776,59.1887,0.961,111010.1468,2168.8693,0.2585,1,,,,,
D4,gridsearch,DL-SKLEARN,XGBRegressor,0.0751,2441.9252,98.0147,98.6011,0.9941,86220.0468,1095.309,0.1628,1,,,,,
D5,gridsearch,DL-SKLEARN,XGBRegressor,0.0804,416.6796,63.3824,78.9235,0.8031,87896.5027,1182.881,0.1942,1,,,,,
D6,gridsearch,DL-SKLEARN,XGBRegressor,0.0976,422.5221,39.1939,60.4225,0.6487,92746.0099,1672.6246,0.2278,1,,,,,
D7,gridsearch,DL-SKLEARN,XGBRegressor,0.0826,336.2107,62.3109,67.76,0.9196,88136.6998,1103.6479,0.1748,1,,,,,
D8,gridsearch,DL-SKLEARN,XGBRegressor,0.0915,255.9193,39.9732,49.5337,0.807,79364.0628,1548.7496,0.21,1,,,,,
D9,gridsearch,DL-SKLEARN,XGBRegressor,0.0941,2504.458,93.6323,94.9241,0.9864,28673.4413,369.5228,0.0632,1,,,,,
D10,gridsearch,DL-SKLEARN,XGBRegressor,0.0649,410.9327,0.8535,56.117,0.0152,30571.3308,633.0021,0.0883,1,,,,,
D1,gridsearch,DL-SKLEARN,Lasso,278.7828,657.1109,55.3459,78.4314,0.7057,70718.5902,1547.3801,0.0275,1,,,,,
D2,gridsearch,DL-SKLEARN,Lasso,265.5911,1412.9697,81.9401,85.8486,0.9545,69870.7391,1577.5961,0.0235,1,,,,,
D3,gridsearch,DL-SKLEARN,Lasso,285.7631,85719.0589,55.9823,59.1887,0.9458,68014.8349,1510.5563,0.0235,1,,,,,
D4,gridsearch,DL-SKLEARN,Lasso,247.0875,3303.2533,98.3769,98.6011,0.9977,84910.3308,2604.2925,0.0352,1,,,,,
D5,gridsearch,DL-SKLEARN,Lasso,284.3962,321.1654,69.3934,78.9235,0.8792,116263.7625,2446.657,0.0392,1,,,,,
D6,gridsearch,DL-SKLEARN,Lasso,281.9275,1066.7632,43.8459,60.4225,0.7257,114055.0352,2661.9764,0.0314,1,,,,,
D7,gridsearch,DL-SKLEARN,Lasso,278.2245,497.5716,48.4848,67.76,0.7155,113473.1627,2403.1124,0.0475,1,,,,,
D8,gridsearch,DL-SKLEARN,Lasso,327.6354,3953.8983,38.0861,49.5337,0.7689,114786.3965,2651.044,0.0699,1,,,,,
D9,gridsearch,DL-SKLEARN,Lasso,267.2667,17771.4128,92.8452,94.9241,0.9781,111055.2662,2541.8,0.0435,1,,,,,
D10,gridsearch,DL-SKLEARN,Lasso,263.685,41192489.036,55.3994,56.117,0.9872,104314.2585,2079.0167,0.0315,1,,,,,
D1,optuna,DL-SKLEARN,Ridge,208.293,851.2712,55.3459,78.4314,0.7057,5.0586,0.0287,0.0011,1,,,,,
D2,optuna,DL-SKLEARN,Ridge,214.4293,1243.9366,81.9401,85.8486,0.9545,5.4473,0.0222,0.0012,1,,,,,
D3,optuna,DL-SKLEARN,Ridge,245.8236,120507.473,55.9823,59.1887,0.9458,6.283,0.0698,0.0011,1,,,,,
D4,optuna,DL-SKLEARN,Ridge,223.0455,5202.2089,98.3769,98.6011,0.9977,6.171,0.0643,0.0011,1,,,,,
D5,optuna,DL-SKLEARN,Ridge,231.1712,623.0424,68.4926,78.9235,0.8678,6.3177,0.0557,0.0011,1,,,,,
D6,optuna,DL-SKLEARN,Ridge,241.7407,637.4256,46.6491,60.4225,0.772,6.904,0.0579,0.0013,1,,,,,
D7,optuna,DL-SKLEARN,Ridge,226.6577,485.2358,48.4848,67.76,0.7155,7.0378,0.0404,0.0011,1,,,,,
D8,optuna,DL-SKLEARN,Ridge,250.8969,12889.6125,38.0861,49.5337,0.7689,7.4267,0.1684,0.0011,1,,,,,
D9,optuna,DL-SKLEARN,Ridge,212.3397,172493.7985,92.8452,94.9241,0.9781,7.1916,0.1464,0.0011,1,,,,,
D10,optuna,DL-SKLEARN,Ridge,231.814,26571828.3051,55.0247,56.117,0.9805,6.8898,0.1231,0.0011,1,,,,,
D1,optuna,DL-SKLEARN,LinearRegression,208.293,1.8776344551424374e+20,55.3459,78.4314,0.7057,0.088,0.0649,0.0014,1,st5,1.0,KiralyMSMApproximateClustering,0.05,0.2369
D2,optuna,DL-SKLEARN,LinearRegression,214.4268,1.3882366243231588e+22,81.9401,85.8486,0.9545,0.0914,0.0633,0.0015,1,st5,1.0,KiralyMSMApproximateClustering,0.05,0.2036
D3,optuna,DL-SKLEARN,LinearRegression,245.8236,3.167211468255674e+26,55.9823,59.1887,0.9458,0.1065,0.0645,0.0016,1,st5,1.0,KiralyMSMApproximateClustering,0.05,0.4788
D4,optuna,DL-SKLEARN,LinearRegression,223.0474,8.721636337371975e+22,98.3769,98.6011,0.9977,0.1049,0.079,0.0015,1,st5,1.0,KiralyMSMApproximateClustering,0.05,0.8333
D5,optuna,DL-SKLEARN,LinearRegression,231.1806,623.0459,68.4926,78.9235,0.8678,0.0868,0.0648,0.0015,1,st5,100.0,KiralyMSMApproximateClustering,0.05,9.8905
D6,optuna,DL-SKLEARN,LinearRegression,241.7579,626.1787,46.6491,60.4225,0.772,0.0918,0.0641,0.0015,1,st5,100.0,KiralyMSMApproximateClustering,0.05,10.2431
D7,optuna,DL-SKLEARN,LinearRegression,226.6376,8.579915133420423e+22,48.4848,67.76,0.7155,0.105,0.064,0.0015,1,st5,1.0,KiralyMSMApproximateClustering,0.05,1.6235
D8,optuna,DL-SKLEARN,LinearRegression,250.9017,6.112238161537065e+24,38.0861,49.5337,0.7689,0.1427,0.0605,0.0014,1,st5,1.0,KiralyMSMApproximateClustering,0.05,1.6269
D9,optuna,DL-SKLEARN,LinearRegression,212.3574,2.330596331136551e+25,92.8452,94.9241,0.9781,0.0925,0.0968,0.0093,1,st5,1.0,KiralyMSMApproximateClustering,0.05,4.2272
D10,optuna,DL-SKLEARN,LinearRegression,231.791,1.6897482145856271e+31,55.0247,56.117,0.9805,0.0985,0.0903,0.0015,1,st5,100.0,KiralyMSMApproximateClustering,0.05,37.9932
D1,all,DL-SKLEARN,Lasso,265.6853,723.2741,55.3459,78.4314,0.7057,70834.7107,1570.2286,0.0275,1,,,,,
D2,all,DL-SKLEARN,Lasso,262.6986,1426.3696,81.9401,85.8486,0.9545,69978.5348,1573.1725,0.0235,1,,,,,
D3,all,DL-SKLEARN,Lasso,271.0481,78928.4432,55.9823,59.1887,0.9458,71767.8186,1598.1568,0.0235,1,,,,,
D4,all,DL-SKLEARN,Lasso,245.2527,3199.3361,98.3769,98.6011,0.9977,89158.0307,2532.4246,0.0355,1,,,,,
D5,all,DL-SKLEARN,Lasso,282.8489,299.9537,69.3934,78.9235,0.8792,117134.7625,2494.7034,0.0446,1,,,,,
D6,all,DL-SKLEARN,Lasso,277.661,1085.8734,43.8459,60.4225,0.7257,108837.6827,2536.8268,0.0488,1,,,,,
D7,all,DL-SKLEARN,Lasso,271.4893,530.602,48.4848,67.76,0.7155,109520.249,2582.183,0.0557,1,,,,,
D8,all,DL-SKLEARN,Lasso,323.3047,4109.0993,38.0861,49.5337,0.7689,115386.7587,2543.4647,0.0474,1,,,,,
D9,all,DL-SKLEARN,Lasso,269.5435,18265.4519,92.8452,94.9241,0.9781,109473.0754,2668.3286,0.0353,1,,,,,
D10,all,DL-SKLEARN,Lasso,261.5843,34312790.9762,55.3994,56.117,0.9872,105282.2767,2142.4126,0.039,1,,,,,
D1,optuna,DL-SKLEARN,XGBRegressor,0.0209,1069.4838,54.6584,78.4314,0.6969,88921.9027,1144.4428,0.135,1,,,,,
D2,optuna,DL-SKLEARN,XGBRegressor,0.0209,971.6385,84.9483,85.8486,0.9895,89926.4789,1302.4323,0.142,1,,,,,
D3,optuna,DL-SKLEARN,XGBRegressor,0.0197,1342.2388,26.9341,59.1887,0.4551,90075.743,2267.57,0.2298,1,,,,,
D4,optuna,DL-SKLEARN,XGBRegressor,0.1044,1737.1654,98.2646,98.6011,0.9966,89105.3416,1807.3036,0.1812,1,,,,,
D5,optuna,DL-SKLEARN,XGBRegressor,0.0289,360.9081,44.8289,78.9235,0.568,88440.8418,1096.3564,0.1737,1,,,,,
D6,optuna,DL-SKLEARN,XGBRegressor,0.0191,350.7249,51.8145,60.4225,0.8575,113868.2086,3554.7282,0.2397,1,,,,,
D7,optuna,DL-SKLEARN,XGBRegressor,0.0828,341.6703,61.4897,67.76,0.9075,88833.968,1802.8115,0.2005,1,,,,,
D8,optuna,DL-SKLEARN,XGBRegressor,0.0137,314.6845,40.0672,49.5337,0.8089,82367.5953,1151.6393,0.084,1,,,,,
D9,optuna,DL-SKLEARN,XGBRegressor,0.0806,2500.4233,94.3485,94.9241,0.9939,27531.5568,561.8474,0.0527,1,,,,,
D10,optuna,DL-SKLEARN,XGBRegressor,0.0195,270.6428,0.2883,56.117,0.0051,23528.4496,102.9053,0.0298,1,,,,,
D1,all,DL-SKLEARN,Ridge,247.1178,633.7072,55.3459,78.4314,0.7057,11.6841,0.061,0.0331,1,,,,,
D2,all,DL-SKLEARN,Ridge,241.8801,1295.329,81.9401,85.8486,0.9545,12.3423,0.2269,0.067,1,,,,,
D3,all,DL-SKLEARN,Ridge,270.4145,119729.7979,55.9823,59.1887,0.9458,15.0903,0.1231,0.0368,1,,,,,
D4,all,DL-SKLEARN,Ridge,243.8162,5264.5146,98.3769,98.6011,0.9977,14.4215,0.1897,0.0819,1,,,,,
D5,all,DL-SKLEARN,Ridge,252.012,675.3184,69.3934,78.9235,0.8792,14.7225,0.2309,0.043,1,,,,,
D6,all,DL-SKLEARN,Ridge,269.8981,635.335,43.8459,60.4225,0.7257,13.6029,0.0725,0.0588,1,,,,,
D7,all,DL-SKLEARN,Ridge,254.9506,499.9884,48.4848,67.76,0.7155,13.5991,0.0688,0.0503,1,,,,,
D8,all,DL-SKLEARN,Ridge,279.2622,11870.1204,38.0861,49.5337,0.7689,11.2905,0.0495,0.0263,1,,,,,
D9,all,DL-SKLEARN,Ridge,228.6405,168524.4514,92.8452,94.9241,0.9781,10.6588,0.1449,0.0386,1,,,,,
D10,all,DL-SKLEARN,Ridge,261.5775,23910484.6598,55.3979,56.117,0.9872,10.4366,0.0749,0.043,1,,,,,
D1,optuna,DL-SKLEARN,Lasso,228.964,788.5738,55.3459,78.4314,0.7057,27130.7841,1579.6443,0.0012,1,,,,,
D2,optuna,DL-SKLEARN,Lasso,235.7584,1502.5885,78.4566,85.8486,0.9139,70048.9427,1565.2283,0.0012,1,,,,,
D3,optuna,DL-SKLEARN,Lasso,246.5791,78969.0211,55.9823,59.1887,0.9458,71653.651,1596.7404,0.0013,1,,,,,
D4,optuna,DL-SKLEARN,Lasso,224.7298,3073.0967,98.3769,98.6011,0.9977,68654.0788,1572.3802,0.0011,1,,,,,
D5,optuna,DL-SKLEARN,Lasso,262.6537,235.1199,68.4926,78.9235,0.8678,111087.0786,2418.4322,0.0012,1,,,,,
D6,optuna,DL-SKLEARN,Lasso,248.3911,1125.3285,43.8459,60.4225,0.7257,107526.6904,2520.3829,0.0011,1,,,,,
D7,optuna,DL-SKLEARN,Lasso,241.5464,516.6667,48.4848,67.76,0.7155,108862.8706,2475.3041,0.0011,1,,,,,
D8,optuna,DL-SKLEARN,Lasso,297.204,4440.9168,40.7814,49.5337,0.8233,114338.9987,2627.7607,0.0011,1,,,,,
D9,optuna,DL-SKLEARN,Lasso,254.7727,19115.1403,92.8452,94.9241,0.9781,110471.5548,2535.9923,0.0011,1,,,,,
D10,optuna,DL-SKLEARN,Lasso,231.8125,37292234.9051,55.0247,56.117,0.9805,117535.2361,2588.9111,0.0011,1,,,,,
D1,gridsearch,DL-SKLEARN,LinearRegression,260.056,6.882917420340123e+23,55.3459,78.4314,0.7057,0.1583,0.1282,0.0018,1,st5,1.0,KiralyMSMApproximateClustering,0.05,0.2369
D2,gridsearch,DL-SKLEARN,LinearRegression,243.7653,1.106860114588657e+23,81.9401,85.8486,0.9545,0.152,0.1283,0.0018,1,st5,1.0,KiralyMSMApproximateClustering,0.05,0.2036
D3,gridsearch,DL-SKLEARN,LinearRegression,284.6536,3.682825565562742e+22,55.9823,59.1887,0.9458,0.1593,0.1265,0.0017,1,st5,1.0,KiralyMSMApproximateClustering,0.05,0.4788
D4,gridsearch,DL-SKLEARN,LinearRegression,245.9037,9.391117450129668e+18,98.3769,98.6011,0.9977,0.1679,0.1298,0.0017,1,st5,1.0,KiralyMSMApproximateClustering,0.05,0.8333
D5,gridsearch,DL-SKLEARN,LinearRegression,250.2562,692.4535,69.3934,78.9235,0.8792,0.1439,0.1191,0.0019,1,st5,1.0,KiralyMSMApproximateClustering,0.05,0.7913
D6,gridsearch,DL-SKLEARN,LinearRegression,272.0595,603.9419,43.8459,60.4225,0.7257,0.1625,0.1639,0.0019,1,st5,1.0,KiralyMSMApproximateClustering,0.05,1.3672
D7,gridsearch,DL-SKLEARN,LinearRegression,257.6036,2.312420200055047e+22,48.4848,67.76,0.7155,0.1711,0.1645,0.002,1,st5,1.0,KiralyMSMApproximateClustering,0.05,1.6235
D8,gridsearch,DL-SKLEARN,LinearRegression,281.3939,11745.0694,38.0861,49.5337,0.7689,0.3701,0.182,0.0017,1,st5,1.0,KiralyMSMApproximateClustering,0.05,1.6269
D9,gridsearch,DL-SKLEARN,LinearRegression,223.653,171284.0214,92.8452,94.9241,0.9781,0.3234,0.1902,0.0019,1,st5,1.0,KiralyMSMApproximateClustering,0.05,4.2272
D10,gridsearch,DL-SKLEARN,LinearRegression,263.6473,32339957.7667,55.3994,56.117,0.9872,0.2058,0.2154,0.0102,1,st5,1.0,KiralyMSMApproximateClustering,0.05,12.5363
D1,gridsearch,DL-SKLEARN,Ridge,260.056,498.4444,55.3459,78.4314,0.7057,9.1066,0.0762,0.0233,1,,,,,
D2,gridsearch,DL-SKLEARN,Ridge,243.7653,1313.525,81.9401,85.8486,0.9545,10.2152,0.0485,0.0511,1,,,,,
D3,gridsearch,DL-SKLEARN,Ridge,284.6524,116553.155,55.9823,59.1887,0.9458,11.9674,0.0619,0.0272,1,,,,,
D4,gridsearch,DL-SKLEARN,Ridge,245.8988,5176.5905,98.3769,98.6011,0.9977,12.2903,0.1254,0.0667,1,,,,,
D5,gridsearch,DL-SKLEARN,Ridge,250.2562,692.4504,69.3934,78.9235,0.8792,10.9911,0.2875,0.0833,1,,,,,
D6,gridsearch,DL-SKLEARN,Ridge,272.06,603.9419,43.8459,60.4225,0.7257,11.8474,0.1388,0.0512,1,,,,,
D7,gridsearch,DL-SKLEARN,Ridge,257.6037,470.3671,48.4848,67.76,0.7155,11.5181,0.0564,0.0628,1,,,,,
D8,gridsearch,DL-SKLEARN,Ridge,281.3943,11744.6087,38.0861,49.5337,0.7689,11.1241,0.0393,0.0266,1,,,,,
D9,gridsearch,DL-SKLEARN,Ridge,223.6473,171277.9659,92.8452,94.9241,0.9781,9.887,0.1739,0.0352,1,,,,,
D10,gridsearch,DL-SKLEARN,Ridge,263.6473,32335151.6829,55.3994,56.117,0.9872,10.0743,0.1078,0.0431,1,,,,,
D1,all,DL-SKLEARN,XGBRegressor,0.3141,874.3386,14.9533,78.4314,0.1907,108958.672,3255.6326,0.5034,1,,,,,
D2,all,DL-SKLEARN,XGBRegressor,0.2018,1249.6528,77.2575,85.8486,0.8999,98643.9037,1771.1464,0.2954,1,,,,,
D3,all,DL-SKLEARN,XGBRegressor,0.2678,372.953,45.1856,59.1887,0.7634,111743.5389,3970.153,0.4821,1,,,,,
D4,all,DL-SKLEARN,XGBRegressor,0.0725,2001.2603,97.4041,98.6011,0.9879,94175.4612,1905.3577,0.3563,1,,,,,
D5,all,DL-SKLEARN,XGBRegressor,0.1331,396.8501,35.2084,78.9235,0.4461,96243.5389,1951.166,0.33,1,,,,,
D6,all,DL-SKLEARN,XGBRegressor,0.1962,352.9638,45.2244,60.4225,0.7485,98171.183,2049.8536,0.3343,1,,,,,
D7,all,DL-SKLEARN,XGBRegressor,0.3925,332.75,57.5722,67.76,0.8496,77902.0978,548.6558,0.1283,1,,,,,
D8,all,DL-SKLEARN,XGBRegressor,0.2793,335.0176,38.0983,49.5337,0.7691,46705.8111,266.1391,0.0679,1,,,,,
D9,all,DL-SKLEARN,XGBRegressor,0.206,2524.2461,92.8452,94.9241,0.9781,30427.662,671.119,0.1101,1,,,,,
D10,all,DL-SKLEARN,XGBRegressor,0.1327,294.6406,0.2883,56.117,0.0051,17825.7751,2.8574,0.0344,1,,,,,
D1,optuna,DL-SKLEARN,RandomForestRegressor,89.865476744772,399.4008419716007,56.7742,78.4314,0.7239,1072.3565802574158,35.0744366645813,0.3414645195007324,1,st5,1.0,UniqueMappingClustering,0.7335633260163261,2.8753
D2,optuna,DL-SKLEARN,RandomForestRegressor,83.0733605444179,587.2551994185305,78.4566,85.8486,0.9139,1004.1753375530244,26.28316116333008,0.2660024166107178,1,st5,100.0,KiralyMSMApproximateClustering,0.2037640652850374,1.2817
D3,optuna,DL-SKLEARN,RandomForestRegressor,89.44288160757785,474.18109507944814,56.0706,59.1887,0.9473,633.6262822151184,9.169187307357788,0.0916650295257568,1,st5,1.0,UniqueMappingClustering,0.2944231877019549,9.3147
D4,optuna,DL-SKLEARN,RandomForestRegressor,86.87032085363653,2028.00133347786,97.9929,98.6011,0.9938,1118.4070913791656,29.46460223197937,0.2585039138793945,1,st5,6.0,UniqueMappingClustering,0.7253830296420516,0.9969
D5,optuna,DL-SKLEARN,RandomForestRegressor,84.24259713659758,386.6355869029279,76.7503,78.9235,0.9725,774.7291314601898,5.2482123374938965,0.0542056560516357,1,sminilm,1.0,UniqueMappingClustering,0.6518794833105156,1.9094
D6,optuna,DL-SKLEARN,RandomForestRegressor,93.37355003295748,377.58384888232666,53.3129,60.4225,0.8823,983.2380933761596,20.299803018569943,0.1935405731201172,1,sminilm,1.0,KiralyMSMApproximateClustering,0.6475415027956186,1.3422
D7,optuna,DL-SKLEARN,RandomForestRegressor,89.71771241658803,280.5164885298872,58.4911,67.76,0.8632,1234.3078136444092,42.251601219177246,0.415442943572998,1,sminilm,1.0,KiralyMSMApproximateClustering,0.5607159857422135,1.7427
D8,optuna,DL-SKLEARN,RandomForestRegressor,101.3822850234821,653.1686133213286,40.7814,49.5337,0.8233,1107.3978645801544,22.46783471107483,0.2074065208435058,1,st5,100.0,KiralyMSMApproximateClustering,0.6139023497269371,22.8024
D9,optuna,DL-SKLEARN,RandomForestRegressor,72.67381958915084,1538.4169249450044,94.3686,94.9241,0.9941,951.791337966919,18.91744899749756,0.1839053630828857,1,st5,100.0,KiralyMSMApproximateClustering,0.2315726387129368,69.9395
D10,optuna,DL-SKLEARN,RandomForestRegressor,94.40016889136032,422.381853952875,4.2453,56.117,0.0757,1094.5759501457214,21.993683576583862,0.2329599857330322,1,st5,1.0,KiralyMSMApproximateClustering,0.8599238144090521,10.4494
D1,gridsearch,DL-SKLEARN,RandomForestRegressor,543.6458626403629,235.4903323773507,55.873,78.4314,0.7124,1158.1467370986938,9.74265742301941,0.188173770904541,0,st5,86.0,KiralyMSMApproximateClustering,0.7500000000000001,2.5927982330322266
D2,gridsearch,DL-SKLEARN,RandomForestRegressor,538.7408001369054,314.51089217209216,78.1955,85.8486,0.9109,1318.479911327362,16.58462119102478,0.331817626953125,0,st5,99.0,KiralyMSMApproximateClustering,0.7500000000000001,5.221143960952759
D3,gridsearch,DL-SKLEARN,RandomForestRegressor,560.6238834450543,220.2032347257681,56.7164,59.1887,0.9582,1620.5064494609833,25.42432188987732,0.5087411403656006,0,st5,96.0,KiralyMSMApproximateClustering,0.7500000000000001,1.9182102680206297
D4,gridsearch,DL-SKLEARN,RandomForestRegressor,340.4123581301261,2297.6389651085337,98.1982,98.6011,0.9959,1450.7946412563324,15.000088214874268,0.3157012462615967,0,st5,99.0,KiralyMSMApproximateClustering,0.7500000000000001,3.4490513801574707
D5,gridsearch,DL-SKLEARN,RandomForestRegressor,544.4036085509563,246.69860664179976,72.8713,78.9235,0.9233,1784.5709581375122,71.60682010650635,1.4788970947265625,0,st5,90.0,KiralyMSMApproximateClustering,0.7000000000000001,3.1757400035858154
D6,gridsearch,DL-SKLEARN,RandomForestRegressor,530.0616633542243,383.1105744793393,49.2424,60.4225,0.815,1574.4779908657074,27.497759342193604,0.3827433586120605,0,st5,5.0,KiralyMSMApproximateClustering,0.7500000000000001,2.15447998046875
D7,gridsearch,DL-SKLEARN,RandomForestRegressor,542.4567455838634,267.6859087243706,46.0523,67.76,0.6796,2146.176647901535,66.19005036354065,1.020557880401611,0,st5,100.0,KiralyMSMApproximateClustering,0.6000000000000001,10.875906229019163
D8,gridsearch,DL-SKLEARN,RandomForestRegressor,516.5517331247662,497.4741734205131,38.2457,49.5337,0.7721,1418.4677093029022,40.880876541137695,0.585482120513916,0,st5,1.0,KiralyMSMApproximateClustering,0.7000000000000001,2.483438014984131
D9,gridsearch,DL-SKLEARN,RandomForestRegressor,471.85543430287584,1017.7204265243494,94.5097,94.9241,0.9956,1283.3343160152435,31.8873987197876,0.4972000122070312,0,st5,96.0,KiralyMSMApproximateClustering,0.7500000000000001,32.9868905544281
D10,gridsearch,DL-SKLEARN,RandomForestRegressor,487.3134435997888,755.5600455984043,41.5148,56.117,0.7398,1594.7380347251892,52.09990191459656,0.7942526340484619,0,st5,1.0,KiralyMSMApproximateClustering,0.7500000000000001,21.5847110748291
D1,optuna,DL-SKLEARN,LinearRegression,544.4438,547.9948,55.3459,78.4314,0.7057,0.0523,0.0223,0.0011,0,st5,1.0,KiralyMSMApproximateClustering,0.05,0.2369
D2,optuna,DL-SKLEARN,LinearRegression,552.8827,419.6181,81.9401,85.8486,0.9545,0.0495,0.0216,0.0011,0,st5,1.0,KiralyMSMApproximateClustering,0.05,0.2036
D3,optuna,DL-SKLEARN,LinearRegression,571.387,245.9041,55.9823,59.1887,0.9458,0.1048,0.0218,0.0011,0,st5,1.0,KiralyMSMApproximateClustering,0.05,0.4788
D4,optuna,DL-SKLEARN,LinearRegression,397.4193,1995.318,98.1761,98.6011,0.9957,0.0476,0.0215,0.0012,0,st5,100.0,KiralyMSMApproximateClustering,0.05,9.2873
D5,optuna,DL-SKLEARN,LinearRegression,569.5459,263.5872,69.3934,78.9235,0.8792,0.0472,0.021,0.0011,0,st5,1.0,KiralyMSMApproximateClustering,0.05,0.7913
D6,optuna,DL-SKLEARN,LinearRegression,551.2743,439.1771,43.8459,60.4225,0.7257,0.0493,0.0213,0.0011,0,st5,1.0,KiralyMSMApproximateClustering,0.05,1.3672
D7,optuna,DL-SKLEARN,LinearRegression,566.5076,281.4961,48.4848,67.76,0.7155,0.0467,0.0212,0.0011,0,st5,1.0,KiralyMSMApproximateClustering,0.05,1.6235
D8,optuna,DL-SKLEARN,LinearRegression,531.8614,652.0668,38.0861,49.5337,0.7689,0.046,0.0211,0.0011,0,st5,1.0,KiralyMSMApproximateClustering,0.05,1.6269
D9,optuna,DL-SKLEARN,LinearRegression,504.4922,897.8795,92.8452,94.9241,0.9781,0.0502,0.021,0.0011,0,st5,1.0,KiralyMSMApproximateClustering,0.05,4.2272
D10,optuna,DL-SKLEARN,LinearRegression,518.4466,743.4674,55.3979,56.117,0.9872,0.0466,0.0211,0.0011,0,st5,1.0,KiralyMSMApproximateClustering,0.05,12.5363
D1,optuna,DL-SKLEARN,RandomForestRegressor,447.9699797639336,393.8431429548737,10.0,78.4314,0.1275,1141.2008061408997,25.09790802001953,0.2544581890106201,0,word2vec,1.0,ConnectedComponentsClustering,0.05,4.4994
D2,optuna,DL-SKLEARN,RandomForestRegressor,451.1112759711417,357.2913553315275,78.6325,85.8486,0.9159,1097.264675617218,27.845093727111816,0.2845828533172607,0,st5,12.0,KiralyMSMApproximateClustering,0.1116888525292676,0.4923
D3,optuna,DL-SKLEARN,RandomForestRegressor,459.6392914830257,208.00158341041467,56.1687,59.1887,0.949,1127.098842382431,28.73692536354065,0.30354905128479,0,st5,1.0,KiralyMSMApproximateClustering,0.7204566026393792,7.3611
D4,optuna,DL-SKLEARN,RandomForestRegressor,301.58301064873314,1919.3148601947264,97.5556,98.6011,0.9894,1129.5351662635803,42.46401572227478,0.4331626892089844,0,st5,10.0,UniqueMappingClustering,0.1249843586461435,0.711
D5,optuna,DL-SKLEARN,RandomForestRegressor,459.3053958267931,228.40300125327963,68.9032,78.9235,0.873,838.408055305481,13.10114049911499,0.1387734413146972,0,sminilm,37.0,KiralyMSMApproximateClustering,0.0621617998517821,3.3744
D6,optuna,DL-SKLEARN,RandomForestRegressor,439.505056203858,398.5064180334689,44.6445,60.4225,0.7389,1182.07985830307,39.37965178489685,0.4061722755432129,0,st5,34.0,KiralyMSMApproximateClustering,0.05,4.4865
D7,optuna,DL-SKLEARN,RandomForestRegressor,456.0792503507734,234.78413692827675,65.3846,67.76,0.9649,1105.5376093387604,30.002211809158325,0.3193273544311523,0,st5,1.0,KiralyMSMApproximateClustering,0.8292461192210443,1.3814
D8,optuna,DL-SKLEARN,RandomForestRegressor,419.79181499597416,662.4249308917449,42.342,49.5337,0.8548,1078.5540254116058,27.73008179664612,0.2792179584503174,0,st5,31.0,KiralyMSMApproximateClustering,0.8147191103484894,4.3574
D9,optuna,DL-SKLEARN,RandomForestRegressor,394.0445310734692,950.6740678932524,94.4089,94.9241,0.9946,1088.0406110286713,26.718817234039307,0.2744019031524658,0,st5,18.0,KiralyMSMApproximateClustering,0.1739228646611409,13.713
D10,optuna,DL-SKLEARN,RandomForestRegressor,406.2667769301255,735.4882114138793,55.3442,56.117,0.9862,1012.6710078716278,22.68221092224121,0.2400746345520019,0,st5,10.0,KiralyMSMApproximateClustering,0.0741374358787617,16.5126
D1,all,DL-SKLEARN,LinearRegression,576.861,398.7234,55.3459,78.4314,0.7057,0.0991,0.0772,0.0015,0,st5,1.0,KiralyMSMApproximateClustering,0.05,0.2369
D2,all,DL-SKLEARN,LinearRegression,574.1558,412.0306,81.9401,85.8486,0.9545,0.1128,0.0847,0.0016,0,st5,1.0,KiralyMSMApproximateClustering,0.05,0.2036
D3,all,DL-SKLEARN,LinearRegression,589.2323,271.3371,55.9823,59.1887,0.9458,0.1029,0.0767,0.0016,0,st5,1.0,KiralyMSMApproximateClustering,0.05,0.4788
D4,all,DL-SKLEARN,LinearRegression,395.4698,2233.1685,98.3769,98.6011,0.9977,0.1014,0.0767,0.0016,0,st5,1.0,KiralyMSMApproximateClustering,0.05,0.8333
D5,all,DL-SKLEARN,LinearRegression,583.8482,321.5782,69.3934,78.9235,0.8792,0.0997,0.0759,0.0016,0,st5,1.0,KiralyMSMApproximateClustering,0.05,0.7913
D6,all,DL-SKLEARN,LinearRegression,573.76,440.3768,43.8459,60.4225,0.7257,0.1137,0.0766,0.0017,0,st5,1.0,KiralyMSMApproximateClustering,0.05,1.3672
D7,all,DL-SKLEARN,LinearRegression,588.2453,299.6394,48.4848,67.76,0.7155,0.097,0.076,0.0016,0,st5,1.0,KiralyMSMApproximateClustering,0.05,1.6235
D8,all,DL-SKLEARN,LinearRegression,565.4038,514.2959,38.0861,49.5337,0.7689,0.1066,0.0773,0.0016,0,st5,1.0,KiralyMSMApproximateClustering,0.05,1.6269
D9,all,DL-SKLEARN,LinearRegression,519.0758,984.1435,92.8452,94.9241,0.9781,0.102,0.0769,0.0017,0,st5,1.0,KiralyMSMApproximateClustering,0.05,4.2272
D10,all,DL-SKLEARN,LinearRegression,541.515,758.3644,55.3979,56.117,0.9872,0.1065,0.0767,0.0016,0,st5,1.0,KiralyMSMApproximateClustering,0.05,12.5363
D1,gridsearch,DL-SKLEARN,LinearRegression,601.6444,280.3159,55.3459,78.4314,0.7057,0.0777,0.0606,0.0013,0,st5,1.0,KiralyMSMApproximateClustering,0.05,0.2369
D2,gridsearch,DL-SKLEARN,LinearRegression,586.6704,393.6645,81.9401,85.8486,0.9545,0.0736,0.0425,0.0013,0,st5,1.0,KiralyMSMApproximateClustering,0.05,0.2036
D3,gridsearch,DL-SKLEARN,LinearRegression,616.6513,287.2331,55.9823,59.1887,0.9458,0.0705,0.0408,0.0013,0,st5,1.0,KiralyMSMApproximateClustering,0.05,0.4788
D4,gridsearch,DL-SKLEARN,LinearRegression,389.7217,2384.1953,98.3769,98.6011,0.9977,0.0753,0.0425,0.0013,0,st5,1.0,KiralyMSMApproximateClustering,0.05,0.8333
D5,gridsearch,DL-SKLEARN,LinearRegression,592.7632,343.208,69.3934,78.9235,0.8792,0.069,0.0425,0.0012,0,st5,1.0,KiralyMSMApproximateClustering,0.05,0.7913
D6,gridsearch,DL-SKLEARN,LinearRegression,586.1393,433.3739,43.8459,60.4225,0.7257,0.0826,0.0428,0.0012,0,st5,1.0,KiralyMSMApproximateClustering,0.05,1.3672
D7,gridsearch,DL-SKLEARN,LinearRegression,601.8142,282.4391,48.4848,67.76,0.7155,0.0747,0.0427,0.0013,0,st5,1.0,KiralyMSMApproximateClustering,0.05,1.6235
D8,gridsearch,DL-SKLEARN,LinearRegression,584.1296,444.5389,38.0861,49.5337,0.7689,0.0931,0.0551,0.0014,0,st5,1.0,KiralyMSMApproximateClustering,0.05,1.6269
D9,gridsearch,DL-SKLEARN,LinearRegression,523.643,1045.9317,92.8452,94.9241,0.9781,0.088,0.0579,0.0013,0,st5,1.0,KiralyMSMApproximateClustering,0.05,4.2272
D10,gridsearch,DL-SKLEARN,LinearRegression,550.8442,763.3144,55.3994,56.117,0.9872,0.0854,0.0425,0.0012,0,st5,1.0,KiralyMSMApproximateClustering,0.05,12.5363
D1,all,DL-SKLEARN,RandomForestRegressor,511.3599158947881,303.8170825019429,57.7049,78.4314,0.7357,3153.626233816147,65.56799626350403,0.8015491962432861,0,st5,17.0,KiralyMSMApproximateClustering,0.8743226840278511,0.2611
D2,all,DL-SKLEARN,RandomForestRegressor,509.61587542815903,344.5684768570056,81.8792,85.8486,0.9538,3496.460916996002,85.85542488098145,1.0416994094848633,0,st5,1.0,KiralyMSMApproximateClustering,0.6953674234653642,5.6464
D3,all,DL-SKLEARN,RandomForestRegressor,519.2850120329073,213.750755060132,57.7127,59.1887,0.9751,2658.279117822647,66.30052185058594,0.8138659000396729,0,st5,100.0,UniqueMappingClustering,0.1482038713919421,7.907
D4,all,DL-SKLEARN,RandomForestRegressor,331.74857379224113,2156.063799460202,98.3311,98.6011,0.9973,3836.448414087296,90.10681819915771,1.2461495399475098,0,st5,100.0,KiralyMSMApproximateClustering,0.8160718062460619,4.2974
D5,all,DL-SKLEARN,RandomForestRegressor,517.8960352966383,237.25935929327085,75.733,78.9235,0.9596,2972.177060365677,81.23649263381958,1.353297233581543,0,st5,1.0,KiralyMSMApproximateClustering,0.714829939684642,3.1842
D6,all,DL-SKLEARN,RandomForestRegressor,501.9077052479844,393.9062943936525,56.7892,60.4225,0.9399,2949.510396957397,102.62302303314208,1.275425672531128,0,smpnet,1.0,KiralyMSMApproximateClustering,0.5021882849120562,1.3293
D7,all,DL-SKLEARN,RandomForestRegressor,515.6863329106675,267.705727003101,65.3846,67.76,0.9649,3215.793855190277,88.80313372612,0.9342718124389648,0,st5,1.0,KiralyMSMApproximateClustering,0.8292461192210443,1.3814
D8,all,DL-SKLEARN,RandomForestRegressor,486.5350600258397,543.4762142814304,47.0485,49.5337,0.9498,4133.762493371964,63.97436475753784,0.5783271789550781,0,st5,1.0,UniqueMappingClustering,0.8959570521076154,6.1263
D9,all,DL-SKLEARN,RandomForestRegressor,450.2966817815524,992.5363879726884,91.6553,94.9241,0.9656,2628.478030204773,86.65357422828674,0.830263614654541,0,st5,27.0,KiralyMSMApproximateClustering,0.8787722113821267,9.5202
D10,all,DL-SKLEARN,RandomForestRegressor,464.7015651798302,741.441712303078,55.3979,56.117,0.9872,3224.4509620666504,105.49857974052428,1.107485294342041,0,st5,1.0,KiralyMSMApproximateClustering,0.1765053908757876,15.0811
